MT	20		T	[C]	MT-TQ	ENSG00000210107
MT	64		C	[T]	MT-TM	ENSG00000210112
MT	73		A	[G]	MT-TQ	ENSG00000210107
MT	111		A	[G]	MT-TQ	ENSG00000210107
MT	146		T	[C]	MT-TM	ENSG00000210112
MT	152		T	[C]	MT-ND1	ENSG00000198888
MT	153		A	[G]	MT-TM	ENSG00000210112
MT	183		A	[G]	MT-TM	ENSG00000210112
MT	185		G	[A]	MT-RNR1	ENSG00000211459
MT	195		T	[C]	MT-TV	ENSG00000210077
MT	207		G	[A]	MT-TL1	ENSG00000209082
MT	234		A	[G]	MT-ND1	ENSG00000198888
MT	235		A	[G]	MT-TM	ENSG00000210112
MT	306		C	[T]	MT-ND1	ENSG00000198888
MT	411		C	[A]	MT-ND1	ENSG00000198888
MT	417		G	[A]	MT-TF	ENSG00000210049
MT	442		T	[C]	MT-TF	ENSG00000210049
MT	462		C	[G]	MT-TM	ENSG00000210112
MT	463		C	[G]	MT-TV	ENSG00000210077
MT	469		C	[T]	MT-TM	ENSG00000210112
MT	489		T	[C]	MT-TF	ENSG00000210049
MT	499		G	[A]	MT-TM	ENSG00000210112
MT	515		A	[G]	MT-RNR1	ENSG00000211459
MT	555		A	[G]	MT-ND1	ENSG00000198888
MT	653		G	[A]	MT-ND1	ENSG00000198888
MT	663		A	[G]	MT-TQ	ENSG00000210107
MT	794		T	[C]	MT-TV	ENSG00000210077
MT	827		A	[G]	MT-TN	ENSG00000210135
MT	930		G	[A]	MT-TQ	ENSG00000210107
MT	990		T	[C]	MT-RNR2	ENSG00000210082
MT	1030		G	[A]	MT-TA	ENSG00000210127
MT	1073		G	[A]	MT-TF	ENSG00000210049
MT	1232		A	[G]	MT-CO1	ENSG00000198804
MT	1255		T	[C]	MT-TI	ENSG00000210100
MT	1355		G	[A]	MT-TQ	ENSG00000210107
MT	1449		G	[A]	MT-TW	ENSG00000210117
MT	1719		G	[A]	MT-TL1	ENSG00000209082
MT	1736		A	[G]	MT-TM	ENSG00000210112
MT	1841		T	[C]	MT-TQ	ENSG00000210107
MT	1913		G	[A]	MT-TF	ENSG00000210049
MT	1943		A	[G]	MT-TQ	ENSG00000210107
MT	2092		C	[T]	MT-TL1	ENSG00000209082
MT	2343		G	[A]	MT-TV	ENSG00000210077
MT	2436		G	[A]	MT-TN	ENSG00000210135
MT	2495		T	[C]	MT-TF	ENSG00000210049
MT	2552		T	[C]	MT-TS1	ENSG00000210151
MT	2641		A	[C]	MT-ND2	ENSG00000198763
MT	2706		A	[G]	MT-TM	ENSG00000210112
MT	2707		A	[G]	MT-TF	ENSG00000210049
MT	2884		C	[T]	MT-CO1	ENSG00000198804
MT	2925		T	[C]	MT-CO1	ENSG00000198804
MT	2934		G	[A]	MT-ND1	ENSG00000198888
MT	3010		G	[A]	MT-TS1	ENSG00000210151
MT	3027		T	[C]	MT-TA	ENSG00000210127
MT	3147		G	[A]	MT-TQ	ENSG00000210107
MT	3197		T	[C]	MT-TQ	ENSG00000210107
MT	3200		T	[A]	MT-TF	ENSG00000210049
MT	3219		G	[T]	MT-TD	ENSG00000210154
MT	3221		A	[G]	MT-CO1	ENSG00000198804
MT	3242		G	[A]	MT-TF	ENSG00000210049
MT	3244		G	[A]	MT-TN	ENSG00000210135
MT	3271		T	[C]	MT-TF	ENSG00000210049
MT	3315		G	[A]	MT-TF	ENSG00000210049
MT	3392		G	[A]	MT-TF	ENSG00000210049
MT	3547		A	[G]	MT-TN	ENSG00000210135
MT	3576		C	[A]	MT-ND1	ENSG00000198888
MT	3599		T	[C]	MT-TQ	ENSG00000210107
MT	3631		T	[A]	MT-TF	ENSG00000210049
MT	3632		C	[A]	MT-TI	ENSG00000210100
MT	3663		A	[G]	MT-TV	ENSG00000210077
MT	3730		T	[C]	MT-TA	ENSG00000210127
MT	3736		G	[A]	MT-TV	ENSG00000210077
MT	3749		T	[C]	MT-TF	ENSG00000210049
MT	3826		T	[C]	MT-ATP6	ENSG00000198899
MT	3828		A	[G]	MT-TC	ENSG00000210140
MT	4104		A	[G]	MT-TF	ENSG00000210049
MT	4122		A	[G]	MT-ATP6	ENSG00000198899
MT	4123		A	[G]	MT-TQ	ENSG00000210107
MT	4216		T	[C]	MT-TV	ENSG00000210077
MT	4219		G	[A]	MT-TQ	ENSG00000210107
MT	4248		T	[C]	MT-TQ	ENSG00000210107
MT	4378		G	[A]	MT-CO3	ENSG00000198938
MT	4412		G	[A]	MT-TN	ENSG00000210135
MT	4430		C	[T]	MT-TW	ENSG00000210117
MT	4674		A	[G]	MT-RNR2	ENSG00000210082
MT	4768		T	[C]	MT-CO1	ENSG00000198804
MT	4820		G	[A]	MT-TL1	ENSG00000209082
MT	4823		T	[C]	MT-ATP6	ENSG00000198899
MT	4824		A	[G]	MT-ND1	ENSG00000198888
MT	4876		T	[C]	MT-TA	ENSG00000210127
MT	4883		C	[T]	MT-TW	ENSG00000210117
MT	4917		A	[G]	MT-TF	ENSG00000210049
MT	4933		T	[C]	MT-TC	ENSG00000210140
MT	4977		T	[C]	MT-TW	ENSG00000210117
MT	5054		G	[A]	MT-TK	ENSG00000210156
MT	5091		T	[C]	MT-TQ	ENSG00000210107
MT	5147		G	[A]	MT-TL1	ENSG00000209082
MT	5178		C	[A]	MT-TF	ENSG00000210049
MT	5252		G	[A]	MT-ATP6	ENSG00000198899
MT	5378		A	[G]	MT-ATP6	ENSG00000198899
MT	5423		A	[G]	MT-TD	ENSG00000210154
MT	5459		C	[A]	MT-TV	ENSG00000210077
MT	5494		T	[G]	MT-TQ	ENSG00000210107
MT	5567		T	[C]	MT-RNR2	ENSG00000210082
MT	5726		T	[C]	MT-ND3	ENSG00000198840
MT	5822		G	[A]	MT-ND4	ENSG00000198886
MT	5931		A	[T]	MT-TD	ENSG00000210154
MT	6071		T	[C]	MT-TG	ENSG00000210164
MT	6083		C	[T]	MT-TL1	ENSG00000209082
MT	6105		T	[C]	MT-TG	ENSG00000210164
MT	6135		T	[C]	MT-ND1	ENSG00000198888
MT	6205		G	[A]	MT-ATP6	ENSG00000198899
MT	6221		T	[C]	MT-ATP6	ENSG00000198899
MT	6308		C	[T]	MT-ND1	ENSG00000198888
MT	6364		G	[A]	MT-TR	ENSG00000210174
MT	6371		C	[T]	MT-TQ	ENSG00000210107
MT	6473		C	[T]	MT-ATP6	ENSG00000198899
MT	6488		T	[C]	MT-TG	ENSG00000210164
MT	6491		C	[A]	MT-TA	ENSG00000210127
MT	6544		A	[G]	MT-TM	ENSG00000210112
MT	6574		G	[A]	MT-ATP6	ENSG00000198899
MT	6616		T	[C]	MT-TQ	ENSG00000210107
MT	6618		G	[A]	MT-ATP6	ENSG00000198899
MT	6680		T	[C]	MT-TQ	ENSG00000210107
MT	6689		C	[T]	MT-TS1	ENSG00000210151
MT	6708		G	[A]	MT-TD	ENSG00000210154
MT	6725		C	[T]	MT-TG	ENSG00000210164
MT	6735		A	[G]	MT-RNR2	ENSG00000210082
MT	6935		C	[T]	MT-TN	ENSG00000210135
MT	7028		C	[T]	MT-TM	ENSG00000210112
MT	7368		T	[C]	MT-TL1	ENSG00000209082
MT	7393		G	[A]	MT-ATP6	ENSG00000198899
MT	7669		C	[T]	MT-TR	ENSG00000210174
MT	7800		T	[C]	MT-TG	ENSG00000210164
MT	7814		G	[A]	MT-TC	ENSG00000210140
MT	7818		T	[C]	MT-ATP6	ENSG00000198899
MT	7861		T	[C]	MT-TQ	ENSG00000210107
MT	8027		G	[A]	MT-TS1	ENSG00000210151
MT	8271		A	[C]	MT-TD	ENSG00000210154
MT	8277		T	[C]	MT-TD	ENSG00000210154
MT	8292		G	[A]	MT-ND1	ENSG00000198888
MT	8406		C	[A]	MT-ATP6	ENSG00000198899
MT	8414		C	[T]	MT-ATP6	ENSG00000198899
MT	8425		A	[G]	MT-ATP6	ENSG00000198899
MT	8430		T	[A]	MT-ND4	ENSG00000198886
MT	8439		A	[C]	MT-ND2	ENSG00000198763
MT	8485		G	[C]	MT-ND2	ENSG00000198763
MT	8538		T	[C]	MT-ND4	ENSG00000198886
MT	8548		T	[C]	MT-TG	ENSG00000210164
MT	8573		G	[C, A]	MT-TN	ENSG00000210135
MT	8663		A	[C]	MT-ATP6	ENSG00000198899
MT	8665		C	[T]	MT-TR	ENSG00000210174
MT	8674		A	[G]	MT-ND3	ENSG00000198840
MT	8697		G	[A]	MT-ATP6	ENSG00000198899
MT	8701		A	[G]	MT-ND4L	ENSG00000212907
MT	8764		G	[A]	MT-TM	ENSG00000210112
MT	8794		C	[T]	MT-TQ	ENSG00000210107
MT	8875		T	[C]	MT-ND4L	ENSG00000212907
MT	8896		G	[A]	MT-CO1	ENSG00000198804
MT	8930		C	[T]	MT-ATP8	ENSG00000228253
MT	8936		T	[A]	MT-TS1	ENSG00000210151
MT	8947		C	[T]	MT-TW	ENSG00000210117
MT	9027		C	[T]	MT-TC	ENSG00000210140
MT	9064		G	[A]	MT-TS1	ENSG00000210151
MT	9128		T	[C]	MT-TG	ENSG00000210164
MT	9531		A	[G]	MT-ND4	ENSG00000198886
MT	9540		T	[C]	MT-TS1	ENSG00000210151
MT	9722		T	[C]	MT-ND3	ENSG00000198840
MT	9727		C	[T]	MT-TH	ENSG00000210176
MT	9838		G	[A]	MT-TN	ENSG00000210135
MT	9950		T	[C]	MT-TG	ENSG00000210164
MT	9979		G	[A]	MT-TG	ENSG00000210164
MT	9988		C	[A]	MT-TS1	ENSG00000210151
MT	10150		T	[C]	MT-ND3	ENSG00000198840
MT	10161		A	[C]	MT-CYB	ENSG00000198727
MT	10197		G	[A]	MT-TN	ENSG00000210135
MT	10253		T	[C]	MT-TG	ENSG00000210164
MT	10290		G	[A]	MT-CYB	ENSG00000198727
MT	10398		A	[G]	MT-ATP6	ENSG00000198899
MT	10400		C	[T]	MT-CYB	ENSG00000198727
MT	10463		T	[C]	MT-TL2	ENSG00000210191
MT	10677		G	[A]	MT-TG	ENSG00000210164
MT	10819		A	[G]	MT-ND4	ENSG00000198886
MT	10862		A	[G]	MT-ND3	ENSG00000198840
MT	10873		T	[C]	MT-ND3	ENSG00000198840
MT	10914		G	[A]	MT-ATP6	ENSG00000198899
MT	11177		C	[T]	MT-TP	ENSG00000210196
MT	11233		T	[C]	MT-TS1	ENSG00000210151
MT	11248		A	[G]	MT-TE	ENSG00000210194
MT	11251		A	[G]	MT-ND4	ENSG00000198886
MT	11506		T	[C]	MT-CO3	ENSG00000198938
MT	11571		T	[C]	MT-TR	ENSG00000210174
MT	11719		G	[A]	MT-ND5	ENSG00000198786
MT	11812		A	[G]	MT-ATP6	ENSG00000198899
MT	11893		A	[G]	MT-ATP6	ENSG00000198899
MT	12007		G	[A]	MT-TG	ENSG00000210164
MT	12096		T	[C]	MT-ATP6	ENSG00000198899
MT	12280		A	[G]	MT-ND6	ENSG00000198695
MT	12372		G	[A]	MT-ND4	ENSG00000198886
MT	12396		T	[C]	MT-CYB	ENSG00000198727
MT	12453		T	[C]	MT-CO2	ENSG00000198712
MT	12622		G	[A]	MT-TK	ENSG00000210156
MT	12640		G	[A]	MT-TR	ENSG00000210174
MT	12681		T	[C]	MT-CYB	ENSG00000198727
MT	12697		C	[A]	MT-TR	ENSG00000210174
MT	12705		C	[T]	MT-TS2	ENSG00000210184
MT	12811		T	[C]	MT-TH	ENSG00000210176
MT	13059		C	[T]	MT-TG	ENSG00000210164
MT	13105		A	[G]	MT-TG	ENSG00000210164
MT	13194		G	[A]	MT-TT	ENSG00000210195
MT	13368		G	[A]	MT-TG	ENSG00000210164
MT	13487		C	[T]	MT-TR	ENSG00000210174
MT	13555		T	[C]	MT-ND4L	ENSG00000212907
MT	13572		T	[C]	MT-ND6	ENSG00000198695
MT	13590		G	[A]	MT-TR	ENSG00000210174
MT	13602		T	[C]	MT-TS2	ENSG00000210184
MT	13673		A	[T]	MT-TT	ENSG00000210195
MT	13675		A	[G]	MT-TG	ENSG00000210164
MT	13708		G	[A]	MT-TT	ENSG00000210195
MT	13910		T	[C]	MT-CYB	ENSG00000198727
MT	13966		A	[G]	MT-ND5	ENSG00000198786
MT	14063		T	[C]	MT-ND3	ENSG00000198840
MT	14106		T	[C]	MT-ATP6	ENSG00000198899
MT	14212		T	[C]	MT-ND5	ENSG00000198786
MT	14233		A	[G]	MT-TL2	ENSG00000210191
MT	14307		T	[C]	MT-ND6	ENSG00000198695
MT	14374		T	[C]	MT-ND3	ENSG00000198840
MT	14470		T	[C]	MT-CYB	ENSG00000198727
MT	14668		C	[T]	MT-ND4	ENSG00000198886
MT	14766		C	[T]	MT-ND3	ENSG00000198840
MT	14783		T	[C]	MT-ND4L	ENSG00000212907
MT	14846		G	[A]	MT-ND4	ENSG00000198886
MT	14867		C	[T]	MT-TR	ENSG00000210174
MT	14869		G	[A]	MT-ND3	ENSG00000198840
MT	14905		G	[A]	MT-CO3	ENSG00000198938
MT	14972		G	[A]	MT-ND3	ENSG00000198840
MT	15043		G	[A]	MT-ND4L	ENSG00000212907
MT	15115		T	[C]	MT-ND6	ENSG00000198695
MT	15234		G	[A]	MT-TR	ENSG00000210174
MT	15297		T	[C]	MT-ND3	ENSG00000198840
MT	15301		G	[A]	MT-ND4	ENSG00000198886
MT	15313		T	[C]	MT-TE	ENSG00000210194
MT	15328		A	[T]	MT-ND6	ENSG00000198695
MT	15414		A	[C]	MT-TR	ENSG00000210174
MT	15452		C	[A]	MT-ND4L	ENSG00000212907
MT	15492		T	[C]	MT-ND6	ENSG00000198695
MT	15496		A	[C]	MT-ND5	ENSG00000198786
MT	15535		C	[T]	MT-TT	ENSG00000210195
MT	15566		T	[C]	MT-TT	ENSG00000210195
MT	15607		A	[G]	MT-TL2	ENSG00000210191
MT	15635		T	[C]	MT-ND6	ENSG00000198695
MT	15805		A	[G]	MT-TS2	ENSG00000210184
MT	15892		T	[C]	MT-TL2	ENSG00000210191
MT	15924		A	[G]	MT-TS2	ENSG00000210184
MT	15928		G	[A]	MT-ND5	ENSG00000198786
MT	15950		G	[A]	MT-ND6	ENSG00000198695
MT	15995		G	[A]	MT-ND5	ENSG00000198786
MT	16126		T	[C]	MT-TP	ENSG00000210196
MT	16129		G	[A]	MT-TE	ENSG00000210194
MT	16162		A	[G]	MT-CYB	ENSG00000198727
MT	16183		A	[C]	MT-ND6	ENSG00000198695
MT	16189		T	[C]	MT-TE	ENSG00000210194
MT	16213		G	[A]	MT-TL2	ENSG00000210191
MT	16217		T	[C]	MT-TS2	ENSG00000210184
MT	16223		C	[T]	MT-ND6	ENSG00000198695
MT	16239		C	[T]	MT-TE	ENSG00000210194
MT	16248		C	[T]	MT-TL2	ENSG00000210191
MT	16270		C	[A]	MT-TP	ENSG00000210196
MT	16278		C	[T]	MT-TS2	ENSG00000210184
MT	16284		A	[G]	MT-TE	ENSG00000210194
MT	16290		C	[T]	MT-CYB	ENSG00000198727
MT	16298		T	[C]	MT-TT	ENSG00000210195
MT	16311		T	[C]	MT-ND4	ENSG00000198886
MT	16319		G	[A]	MT-TE	ENSG00000210194
MT	16320		C	[T]	MT-ND6	ENSG00000198695
MT	16325		T	[C]	MT-CYB	ENSG00000198727
MT	16335		A	[G]	MT-TP	ENSG00000210196
MT	16362		T	[C]	MT-ND6	ENSG00000198695
MT	16519		T	[C]	MT-ND4	ENSG00000198886
MT	16524		A	[G]	MT-TL2	ENSG00000210191
MT	16526		G	[A]	MT-TE	ENSG00000210194
MT	16527		C	[T]	MT-ND6	ENSG00000198695
